{"x": 386.1788617886179, "y": 162.60162601626016, "depth": 580.4878048780488}